{"sections":{"banner":{"type":"main-collection-banner","settings":{"show_collection_description":true,"show_collection_image":false,"color_scheme":"background-1"}},"product-grid":{"type":"main-collection-product-grid","settings":{"products_per_page":16,"columns_desktop":4,"image_ratio":"adapt","show_secondary_image":true,"show_vendor":false,"show_rating":false,"enable_quick_add":false,"enable_filtering":false,"filter_type":"horizontal","enable_sorting":true,"columns_mobile":"1","padding_top":36,"padding_bottom":36}}},"order":["banner","product-grid"]}