{"sections":{"99b65fd9-722b-4756-94cb-25b4e8d821c0":{"type":"slideshow-home","blocks":{"template--17171507970352__99b65fd9-722b-4756-94cb-25b4e8d821c0-1670617728501ebaca-0":{"type":"slide","settings":{"image":"shopify:\/\/shop_images\/nino-club-mi-mundo1_1.png","imageleft":"shopify:\/\/shop_images\/dummie-caja-mi-mundo_2.png","heading":"¡Ya llega pronto al Perú, el mapa interactivo en español, más vendido en EEUU e Inglaterra!","heading_size":"h0","subheading":"","button_label":"Lo quiero","link":"https:\/\/github.com\/","button_style_secondary":false,"box_align":"middle-center","show_text_box":true,"text_alignment":"center","image_overlay_opacity":0,"color_scheme":"accent-1","text_alignment_mobile":"center"}},"template--17171507970352__99b65fd9-722b-4756-94cb-25b4e8d821c0-1670617728501ebaca-1":{"type":"slide","settings":{"image":"shopify:\/\/shop_images\/nino-club-mi-mundo1_1.png","imageleft":"shopify:\/\/shop_images\/dummie-caja-mi-mundo_2.png","heading":"¡Ya llega pronto al Perú, el mapa interactivo en español, más vendido en EEUU e Inglaterra!","heading_size":"h1","subheading":"","button_label":"Lo quiero","link":"","button_style_secondary":false,"box_align":"middle-center","show_text_box":true,"text_alignment":"center","image_overlay_opacity":0,"color_scheme":"accent-1","text_alignment_mobile":"center"}}},"block_order":["template--17171507970352__99b65fd9-722b-4756-94cb-25b4e8d821c0-1670617728501ebaca-0","template--17171507970352__99b65fd9-722b-4756-94cb-25b4e8d821c0-1670617728501ebaca-1"],"settings":{"layout":"full_bleed","slide_height":"medium","slider_visual":"dots","auto_rotate":true,"change_slides_speed":5,"show_text_below":true,"accessibility_info":"Slideshow about our brand"}},"bfa6a173-85a1-47b4-9255-d9df5cbcc772":{"type":"rich-text","blocks":{"c342966d-def0-487f-8f1a-281971ee55f6":{"type":"html","settings":{"texthtml":"<div class=\"mi-mundo\">\n<h1 class=\"mb-0\">Club Mi Mundo<\/h1>\n<h2 class=\"mt-0\">¿Por qué elegir nuestros juguetes?<\/h2>\n<\/div>"}}},"block_order":["c342966d-def0-487f-8f1a-281971ee55f6"],"settings":{"desktop_content_position":"center","content_alignment":"center","color_scheme":"background-1","full_width":true,"padding_top":28,"padding_bottom":0}},"1ff6cf03-9f8c-49f9-b8fc-5073b94c1fab":{"type":"multicolumn","blocks":{"template--17171507970352__1ff6cf03-9f8c-49f9-b8fc-5073b94c1fab-1670828465af70e940-0":{"type":"column","settings":{"image":"shopify:\/\/shop_images\/Open-Eye.png","title":"","text":"<p>Sed ut perspiciatis unde omnis iste <\/p>","link_label":"","link":""}},"template--17171507970352__1ff6cf03-9f8c-49f9-b8fc-5073b94c1fab-1670828465af70e940-1":{"type":"column","settings":{"image":"shopify:\/\/shop_images\/Energy.png","title":"","text":"<p>Sed ut perspiciatis unde omnis iste <\/p>","link_label":"","link":""}},"template--17171507970352__1ff6cf03-9f8c-49f9-b8fc-5073b94c1fab-1670828465af70e940-2":{"type":"column","settings":{"image":"shopify:\/\/shop_images\/Star-2.png","title":"","text":"<p>Sed ut perspiciatis  unde omnis iste <\/p>","link_label":"","link":""}}},"block_order":["template--17171507970352__1ff6cf03-9f8c-49f9-b8fc-5073b94c1fab-1670828465af70e940-0","template--17171507970352__1ff6cf03-9f8c-49f9-b8fc-5073b94c1fab-1670828465af70e940-1","template--17171507970352__1ff6cf03-9f8c-49f9-b8fc-5073b94c1fab-1670828465af70e940-2"],"settings":{"title":"","heading_size":"h1","image_width":"third","image_ratio":"square","columns_desktop":3,"column_alignment":"center","background_style":"primary","button_label":"","button_link":"","color_scheme":"background-1","columns_mobile":"1","swipe_on_mobile":false,"padding_top":0,"padding_bottom":36}},"88c9e966-d501-40fe-bea7-705f4fde2fd7":{"type":"compra-seguridad","blocks":{"template--17171507970352__88c9e966-d501-40fe-bea7-705f4fde2fd7-16708621764c3aad29-0":{"type":"column","settings":{"image":"shopify:\/\/shop_images\/Open-Eye_03b8a908-c7e1-46ac-b4c3-ea22b339db33.png","title":"","text":"<p>Sed ut perspiciatis unde omnis iste <\/p>","link_label":"","link":""}},"template--17171507970352__88c9e966-d501-40fe-bea7-705f4fde2fd7-16708621764c3aad29-1":{"type":"column","settings":{"image":"shopify:\/\/shop_images\/Open-Eye_03b8a908-c7e1-46ac-b4c3-ea22b339db33.png","title":"","text":"<p>Sed ut perspiciatis unde omnis iste <\/p>","link_label":"","link":""}},"template--17171507970352__88c9e966-d501-40fe-bea7-705f4fde2fd7-16708621764c3aad29-2":{"type":"column","settings":{"image":"shopify:\/\/shop_images\/Open-Eye_03b8a908-c7e1-46ac-b4c3-ea22b339db33.png","title":"","text":"<p>Sed ut perspiciatis unde omnis iste <\/p>","link_label":"","link":""}}},"block_order":["template--17171507970352__88c9e966-d501-40fe-bea7-705f4fde2fd7-16708621764c3aad29-0","template--17171507970352__88c9e966-d501-40fe-bea7-705f4fde2fd7-16708621764c3aad29-1","template--17171507970352__88c9e966-d501-40fe-bea7-705f4fde2fd7-16708621764c3aad29-2"],"settings":{"imageleft":"shopify:\/\/shop_images\/image_7.jpg","title":"","heading_size":"h1","button_label":"Ver catálogo","button_link":"shopify:\/\/pages\/contact","color_scheme":"accent-1","padding_top":48,"padding_bottom":40}},"a843f177-7579-4ee9-a96d-4341e4d9faef":{"type":"rich-text","blocks":{"template--17171507970352__a843f177-7579-4ee9-a96d-4341e4d9faef-16708759577f18a9f4-1":{"type":"text","settings":{"text":"<p>Sed ut perspiciatis unde omnis iste natus error sit voluptatem accusantium doloremque laudantium, totam rem aperiam, eaque ipsa quae ab illo inventore veritatis et quasi architecto beatae vitae dicta sunt explicabo. Nemo enim ipsam voluptatem quia voluptas sit aspernatur aut <br\/><\/p>"}}},"block_order":["template--17171507970352__a843f177-7579-4ee9-a96d-4341e4d9faef-16708759577f18a9f4-1"],"settings":{"desktop_content_position":"center","content_alignment":"center","color_scheme":"background-1","full_width":true,"padding_top":40,"padding_bottom":52}}},"order":["99b65fd9-722b-4756-94cb-25b4e8d821c0","bfa6a173-85a1-47b4-9255-d9df5cbcc772","1ff6cf03-9f8c-49f9-b8fc-5073b94c1fab","88c9e966-d501-40fe-bea7-705f4fde2fd7","a843f177-7579-4ee9-a96d-4341e4d9faef"]}