{"sections":{"main":{"type":"main-page","disabled":true,"settings":{"padding_top":28,"padding_bottom":28}},"e38463d1-a7b2-413e-ad49-a836d378adfc":{"type":"conocenos","settings":{"imageleft":"shopify:\/\/shop_images\/Group_1_3.png","heading":"Hacemos de sus juegos","sub-heading":"un viaje educativo.","heading-2":"¿Quienes somos?","parrafo":"Sed ut perspiciatis unde omnis iste natus error sit voluptatem accusantium doloremque laudantium, totam rem aperiam, eaque ipsa quae ab illo inventore veritatis et quasi architecto beatae vitae dicta sunt explicabo. Nemo enim ipsam voluptatem quia voluptas sit aspernatur aut odit aut fugit, sed quia consequuntur","padding_top":100,"padding_bottom":36}},"1b073b48-fa19-429a-aba6-070515fe94e8":{"type":"multicolumn-home","blocks":{"template--17283914170672__1b073b48-fa19-429a-aba6-070515fe94e8-1671577255c3c8fbb5-0":{"type":"column","disabled":true,"settings":{"title":"Column","text":"<p>Pair text with an image to focus on your chosen product, collection, or blog post. Add details on availability, style, or even provide a review.<\/p>","link_label":"","link":""}},"template--17283914170672__1b073b48-fa19-429a-aba6-070515fe94e8-1671577255c3c8fbb5-1":{"type":"column","disabled":true,"settings":{"title":"Column","text":"<p>Pair text with an image to focus on your chosen product, collection, or blog post. Add details on availability, style, or even provide a review.<\/p>","link_label":"","link":""}},"template--17283914170672__1b073b48-fa19-429a-aba6-070515fe94e8-1671577255c3c8fbb5-2":{"type":"column","disabled":true,"settings":{"title":"Column","text":"<p>Pair text with an image to focus on your chosen product, collection, or blog post. Add details on availability, style, or even provide a review.<\/p>","link_label":"","link":""}}},"block_order":["template--17283914170672__1b073b48-fa19-429a-aba6-070515fe94e8-1671577255c3c8fbb5-0","template--17283914170672__1b073b48-fa19-429a-aba6-070515fe94e8-1671577255c3c8fbb5-1","template--17283914170672__1b073b48-fa19-429a-aba6-070515fe94e8-1671577255c3c8fbb5-2"],"settings":{"title":"","heading_size":"h1","image_width":"full","image_ratio":"adapt","columns_desktop":3,"column_alignment":"center","background_style":"none","button_label":"Ver catálogo","button_link":"shopify:\/\/collections\/all","color_scheme":"background-1","columns_mobile":"1","swipe_on_mobile":false,"padding_top":0,"padding_bottom":36}}},"order":["main","e38463d1-a7b2-413e-ad49-a836d378adfc","1b073b48-fa19-429a-aba6-070515fe94e8"]}