{"sections":{"main":{"type":"main-page","disabled":true,"settings":{"padding_top":28,"padding_bottom":28}},"aa86f27a-f725-4de7-ae28-7c965b3ee967":{"type":"collapsible-content","blocks":{"template--17302980952368__aa86f27a-f725-4de7-ae28-7c965b3ee967-16716555118b3fd0b9-0":{"type":"collapsible_row","settings":{"heading":"Mlouye’s founder and creative director Meb Rure hails from an industrial design background. In","icon":"none","row_content":"<p>Mlouye’s founder and creative director Meb Rure hails from an industrial design background. In 2015, Meb decided to change gears and turn her energy towards Mlouye, a collection of exceptional handbags. Focusing on quality material, good design, craftsmanship and sustainability, Mlouye reflects the epitome of quality over quantity.<br\/><\/p>","page":""}},"template--17302980952368__aa86f27a-f725-4de7-ae28-7c965b3ee967-16716555118b3fd0b9-1":{"type":"collapsible_row","settings":{"heading":"Collapsible row","icon":"none","row_content":"","page":""}},"template--17302980952368__aa86f27a-f725-4de7-ae28-7c965b3ee967-16716555118b3fd0b9-2":{"type":"collapsible_row","settings":{"heading":"Collapsible row","icon":"none","row_content":"","page":""}},"template--17302980952368__aa86f27a-f725-4de7-ae28-7c965b3ee967-16716555118b3fd0b9-3":{"type":"collapsible_row","settings":{"heading":"Collapsible row","icon":"none","row_content":"","page":""}}},"block_order":["template--17302980952368__aa86f27a-f725-4de7-ae28-7c965b3ee967-16716555118b3fd0b9-0","template--17302980952368__aa86f27a-f725-4de7-ae28-7c965b3ee967-16716555118b3fd0b9-1","template--17302980952368__aa86f27a-f725-4de7-ae28-7c965b3ee967-16716555118b3fd0b9-2","template--17302980952368__aa86f27a-f725-4de7-ae28-7c965b3ee967-16716555118b3fd0b9-3"],"settings":{"caption":"","heading":"Preguntas frecuentes","heading_size":"h0","heading_alignment":"left","layout":"none","color_scheme":"background-1","container_color_scheme":"background-2","open_first_collapsible_row":false,"image_ratio":"adapt","desktop_layout":"image_second","padding_top":36,"padding_bottom":36}}},"order":["main","aa86f27a-f725-4de7-ae28-7c965b3ee967"]}