{"sections":{"main":{"type":"main-page","settings":{"padding_top":56,"padding_bottom":0}},"2c18c3f3-f6db-40e9-8137-2675af1248f4":{"type":"manuales","blocks":{"template--17358034174256__2c18c3f3-f6db-40e9-8137-2675af1248f4-16721993685f4e3a9a-0":{"type":"column","settings":{"image":"shopify:\/\/shop_images\/dummie-caja-mi-mundo_2.png","link":"https:\/\/www.youtube.com\/"}}},"block_order":["template--17358034174256__2c18c3f3-f6db-40e9-8137-2675af1248f4-16721993685f4e3a9a-0"],"settings":{"padding_top":0,"padding_bottom":36}}},"order":["main","2c18c3f3-f6db-40e9-8137-2675af1248f4"]}